1;Renaldo;Bulmer;rbulmer0@nymag.com;Male
2;Barn;Joincey;bjoincey1@apache.org;Male
3;Tersina;Eagle;teagle2@mysql.com;Female
4;Mendel;Blamphin;mblamphin3@usatoday.com;Male
5;Trevar;Wadelin;twadelin4@elpais.com;Male
6;Kenton;Brockest;kbrockest5@census.gov;Male
7;Zilvia;Thoma;zthoma6@about.me;Female
8;Laurens;Cathrall;lcathrall7@g.co;Male
9;Arleen;Trousdale;atrousdale8@blogger.com;Female
10;Lindy;Heggman;lheggman9@studiopress.com;Male
11;Bradan;Warburton;bwarburtona@skyrock.com;Male
12;Mead;Whiteoak;mwhiteoakb@google.com.hk;Male
13;Vernice;Brame;vbramec@washington.edu;Female
14;Judon;Brise;jbrised@php.net;Male
15;Gray;Taffarello;gtaffarelloe@dropbox.com;Male
16;Marla;Briggdale;mbriggdalef@4shared.com;Female
17;Everard;Jobson;ejobsong@tripod.com;Male
18;Johny;Copp;jcopph@rambler.ru;Male
19;Ardra;Simmill;asimmilli@vistaprint.com;Female
20;Cybill;Gorger;cgorgerj@networkadvertising.org;Female
21;Aridatha;Garter;agarterk@un.org;Female
22;Curtis;Stanbrooke;cstanbrookel@livejournal.com;Male
23;Luther;Hinder;lhinderm@sina.com.cn;Male
24;Linn;Meese;lmeesen@cnet.com;Male
25;Hamil;Halpen;hhalpeno@dropbox.com;Male
26;Catina;Bamber;cbamberp@auda.org.au;Female
27;Stoddard;Majury;smajuryq@istockphoto.com;Female
28;Winna;Ventom;wventomr@trellian.com;Female
29;Rodie;Shergold;rshergolds@google.pl;Female
30;Mildrid;Bizzey;mbizzeyt@weather.com;Female
31;Llywellyn;Bitten;lbittenu@unicef.org;Male
32;Drusilla;Henbury;dhenburyv@phpbb.com;Female
33;Edgard;Unwin;eunwinw@dyndns.org;Male
34;Zsa zsa;Alsopp;zalsoppx@engadget.com;Female
35;Mommy;Patek;mpateky@4shared.com;Female
36;Norine;Boxer;nboxerz@ebay.co.uk;Female
37;Ottilie;Blackly;oblackly10@weebly.com;Female
38;Guntar;Roscamps;groscamps11@godaddy.com;Male
39;Jennilee;Teffrey;jteffrey12@washington.edu;Female
40;Alyosha;De Micoli;ademicoli13@nationalgeographic.com;Male
41;Harmonie;Roblett;hroblett14@tamu.edu;Female
42;Miles;Crowcher;mcrowcher15@is.gd;Male
43;Cosetta;Durbridge;cdurbridge16@google.com.hk;Female
44;Timofei;Rossoni;trossoni17@unesco.org;Male
45;Shelby;Canwell;scanwell18@amazonaws.com;Female
46;Gusty;Storms;gstorms19@europa.eu;Female
47;Gaby;Grimwad;ggrimwad1a@jigsy.com;Female
48;Nissie;Mogford;nmogford1b@ask.com;Female
49;Kalli;Bourner;kbourner1c@wisc.edu;Female
50;Zolly;Cressar;zcressar1d@weibo.com;Male
51;Gerek;Gaspero;ggaspero1e@bluehost.com;Male
52;Maury;Whinray;mwhinray1f@sohu.com;Male
53;Amara;Geale;ageale1g@pinterest.com;Female
54;Romola;D'Acth;rdacth1h@zdnet.com;Female
55;Vinny;Carwithim;vcarwithim1i@github.io;Male
56;Gayle;Squeers;gsqueers1j@plala.or.jp;Male
57;Shanie;Bodocs;sbodocs1k@cargocollective.com;Female
58;Reuben;Tuma;rtuma1l@disqus.com;Male
59;Norton;Geertz;ngeertz1m@tamu.edu;Male
60;Trueman;Ganiclef;tganiclef1n@thetimes.co.uk;Male
61;Athene;Lopez;alopez1o@facebook.com;Female
62;Erick;Thebes;ethebes1p@geocities.jp;Male
63;Sibyl;Gales;sgales1q@accuweather.com;Male
64;Andriana;Ray;aray1r@usnews.com;Female
65;Warner;Tompion;wtompion1s@google.pl;Male
66;Martainn;Augustin;maugustin1t@github.io;Male
67;Hale;Mico;hmico1u@dagondesign.com;Male
68;Burl;Keable;bkeable1v@amazon.com;Male
69;Koralle;Ramsdell;kramsdell1w@fda.gov;Female
70;Bonnibelle;O'Lehane;bolehane1x@marriott.com;Female
71;Sarette;Harvison;sharvison1y@theatlantic.com;Female
72;Billy;Kenen;bkenen1z@hexun.com;Female
73;Deonne;Tainton;dtainton20@amazon.co.jp;Female
74;Tamra;Durtnell;tdurtnell21@whitehouse.gov;Female
75;Carlita;Cornwall;ccornwall22@studiopress.com;Female
76;Vita;Plaide;vplaide23@posterous.com;Female
77;Joete;Pennini;jpennini24@ox.ac.uk;Female
78;Juan;MacCarter;jmaccarter25@blogspot.com;Male
79;Gael;Mulles;gmulles26@latimes.com;Male
80;Erik;Oland;eoland27@istockphoto.com;Male
81;Ernaline;McIlveen;emcilveen28@dailymail.co.uk;Female
82;Jacob;Viveash;jviveash29@nature.com;Male
83;Georgy;McCartney;gmccartney2a@delicious.com;Male
84;Lorne;Firmin;lfirmin2b@surveymonkey.com;Male
85;Jenn;Curmi;jcurmi2c@histats.com;Female
86;Brandyn;Forcade;bforcade2d@yale.edu;Male
87;Morten;Dumbarton;mdumbarton2e@bizjournals.com;Male
88;Benito;Jenoure;bjenoure2f@loc.gov;Male
89;Grantley;Verman;gverman2g@linkedin.com;Male
90;Fonsie;Chinnery;fchinnery2h@noaa.gov;Male
91;Brianne;Rule;brule2i@pinterest.com;Female
92;Tristam;Borrow;tborrow2j@sitemeter.com;Male
93;Clyve;Lawson;clawson2k@oracle.com;Male
94;Dimitri;Petrol;dpetrol2l@trellian.com;Male
95;Erminie;Webben;ewebben2m@telegraph.co.uk;Female
96;Henrik;Michallat;hmichallat2n@yelp.com;Male
97;Adolpho;Cliss;acliss2o@hibu.com;Male
98;Galvin;Fitzsimmons;gfitzsimmons2p@cnet.com;Male
99;Anna;Peyto;apeyto2q@hp.com;Female
100;Chrissy;Self;cself2r@patch.com;Female
101;Dud;Kener;dkener2s@amazon.de;Male
102;Maryanne;Dungate;mdungate2t@state.gov;Female
103;Cosmo;Eddisforth;ceddisforth2u@mediafire.com;Male
104;Waldo;Truckett;wtruckett2v@infoseek.co.jp;Male
105;Gaven;Gwillym;ggwillym2w@flavors.me;Male
106;Inez;Gater;igater2x@eepurl.com;Female
107;Shurwood;Ruddick;sruddick2y@geocities.jp;Male
108;Amos;Lyenyng;alyenyng2z@cmu.edu;Male
109;Desdemona;Steckings;dsteckings30@homestead.com;Female
110;Tomas;Kilrow;tkilrow31@samsung.com;Male
111;Jayme;Bene;jbene32@issuu.com;Female
112;Junia;Antic;jantic33@ca.gov;Female
113;Gaultiero;Brett;gbrett34@ft.com;Male
114;Wrennie;Rubra;wrubra35@ifeng.com;Female
115;Chrotoem;Swadlen;cswadlen36@dropbox.com;Male
116;Dido;Moores;dmoores37@over-blog.com;Female
117;Wells;Perrin;wperrin38@answers.com;Male
118;Phillida;Fitzsymons;pfitzsymons39@gravatar.com;Female
119;Rozamond;Searl;rsearl3a@rakuten.co.jp;Female
120;Nani;Stormont;nstormont3b@loc.gov;Female
121;Margery;Zamboniari;mzamboniari3c@soup.io;Female
122;Cissy;Chaloner;cchaloner3d@state.gov;Female
123;Benny;Creak;bcreak3e@xrea.com;Male
124;Dal;Waadenburg;dwaadenburg3f@twitpic.com;Male
125;Sadye;Stansell;sstansell3g@mit.edu;Female
126;Eliza;Martyntsev;emartyntsev3h@redcross.org;Female
127;Michal;McVitie;mmcvitie3i@dot.gov;Male
128;Harvey;Asple;hasple3j@rediff.com;Male
129;Harley;Prandini;hprandini3k@sourceforge.net;Male
130;Paolina;Constable;pconstable3l@cmu.edu;Female
131;Thornie;Challinor;tchallinor3m@opensource.org;Male
132;Avivah;Drew-Clifton;adrewclifton3n@sun.com;Female
133;My;Tams;mtams3o@pinterest.com;Male
134;Trish;Haberjam;thaberjam3p@upenn.edu;Female
135;Daffy;McCritchie;dmccritchie3q@howstuffworks.com;Female
136;Maximo;Dawbery;mdawbery3r@hexun.com;Male
137;Corbie;Skittle;cskittle3s@networksolutions.com;Male
138;Derek;Bertenshaw;dbertenshaw3t@4shared.com;Male
139;Janeva;Sisnett;jsisnett3u@buzzfeed.com;Female
140;Vilhelmina;Lucock;vlucock3v@tinyurl.com;Female
141;Renaud;Evins;revins3w@myspace.com;Male
142;Filippo;Scotchbrook;fscotchbrook3x@columbia.edu;Male
143;Ursola;Allsepp;uallsepp3y@yahoo.co.jp;Female
144;Fay;Le - Count;flecount3z@state.tx.us;Female
145;Morissa;Gronav;mgronav40@psu.edu;Female
146;Lyndsey;Pharo;lpharo41@baidu.com;Female
147;Marchall;Macquire;mmacquire42@ovh.net;Male
148;Milton;Le Noire;mlenoire43@topsy.com;Male
149;Caterina;Patton;cpatton44@berkeley.edu;Female
150;Bealle;Rosario;brosario45@51.la;Male
151;Colet;Lawtie;clawtie46@tinypic.com;Male
152;Paddie;Skate;pskate47@desdev.cn;Male
153;Birch;Melmore;bmelmore48@ask.com;Male
154;Inglebert;Annell;iannell49@seattletimes.com;Male
155;Neel;Burrass;nburrass4a@europa.eu;Male
156;Brigg;Tudge;btudge4b@goodreads.com;Male
157;Bea;Burstowe;bburstowe4c@live.com;Female
158;Rudie;Shorton;rshorton4d@naver.com;Male
159;Craggy;Weir;cweir4e@stanford.edu;Male
160;Bartholomeus;Showl;bshowl4f@smugmug.com;Male
161;Tallie;Servante;tservante4g@dion.ne.jp;Female
162;Tessa;Mackro;tmackro4h@ed.gov;Female
163;Marcelle;Geggie;mgeggie4i@angelfire.com;Female
164;Wyndham;Fairholme;wfairholme4j@samsung.com;Male
165;Tasha;Massy;tmassy4k@archive.org;Female
166;Roth;Alphonso;ralphonso4l@cyberchimps.com;Male
167;Robbie;Gentsch;rgentsch4m@freewebs.com;Female
168;Maurits;July;mjuly4n@a8.net;Male
169;Kevyn;MacGarrity;kmacgarrity4o@kickstarter.com;Female
170;Andi;Lettington;alettington4p@geocities.jp;Female
171;Darcee;Chander;dchander4q@sphinn.com;Female
172;Michel;McVicar;mmcvicar4r@github.io;Male
173;Fidelity;Di Gregorio;fdigregorio4s@aol.com;Female
174;King;Cisar;kcisar4t@ovh.net;Male
175;Antonius;Crangle;acrangle4u@ibm.com;Male
176;Sanderson;Normanell;snormanell4v@illinois.edu;Male
177;Nobe;Kegley;nkegley4w@shop-pro.jp;Male
178;Brantley;Boland;bboland4x@thetimes.co.uk;Male
179;Mellie;Luker;mluker4y@xrea.com;Female
180;Nonna;Donisi;ndonisi4z@vistaprint.com;Female
181;Davide;Annetts;dannetts50@etsy.com;Male
182;Vincenty;Eakly;veakly51@answers.com;Male
183;Luciana;Coull;lcoull52@icq.com;Female
184;Murdoch;Rapi;mrapi53@dedecms.com;Male
185;Urbano;Acock;uacock54@gov.uk;Male
186;Penny;Hattoe;phattoe55@artisteer.com;Male
187;Arturo;Riordan;ariordan56@studiopress.com;Male
188;Davon;Drydale;ddrydale57@businesswire.com;Male
189;Ryley;Basketfield;rbasketfield58@ezinearticles.com;Male
190;Sully;Puttick;sputtick59@hatena.ne.jp;Male
191;Emilia;Poultney;epoultney5a@berkeley.edu;Female
192;Gamaliel;Rouch;grouch5b@globo.com;Male
193;Nick;Ritelli;nritelli5c@cornell.edu;Male
194;Correy;Dallinder;cdallinder5d@chron.com;Male
195;Haven;Amer;hamer5e@miitbeian.gov.cn;Male
196;Theodoric;Zoppo;tzoppo5f@huffingtonpost.com;Male
197;Berky;Crock;bcrock5g@163.com;Male
198;Gayel;Masden;gmasden5h@jigsy.com;Female
199;Keith;Martinet;kmartinet5i@stumbleupon.com;Male
200;Lyssa;Riggeard;lriggeard5j@irs.gov;Female
201;Fanya;Daddow;fdaddow5k@feedburner.com;Female
202;Amalle;Nazareth;anazareth5l@163.com;Female
203;Gerty;Heggison;gheggison5m@domainmarket.com;Female
204;Meriel;Brugsma;mbrugsma5n@homestead.com;Female
205;Kaiser;Rawlinson;krawlinson5o@youtube.com;Male
206;Ricki;Gutridge;rgutridge5p@elpais.com;Female
207;Alisa;Aspall;aaspall5q@jugem.jp;Female
208;Gerick;Dabner;gdabner5r@businesswire.com;Male
209;Verina;Stopp;vstopp5s@networksolutions.com;Female
210;Donnell;Gittens;dgittens5t@state.gov;Male
211;Dinah;Poynter;dpoynter5u@tripod.com;Female
212;Rube;Licence;rlicence5v@reddit.com;Male
213;Gregorio;Oneill;goneill5w@cocolog-nifty.com;Male
214;Merna;McKinless;mmckinless5x@about.com;Female
215;Jared;Diaper;jdiaper5y@youtube.com;Male
216;Kimmi;Alenov;kalenov5z@globo.com;Female
217;Karil;Petrina;kpetrina60@mit.edu;Female
218;Barbabas;Keerl;bkeerl61@quantcast.com;Male
219;Miller;Romeril;mromeril62@bigcartel.com;Male
220;Cecilla;Docharty;cdocharty63@networkadvertising.org;Female
221;Alphard;Neenan;aneenan64@eventbrite.com;Male
222;Dell;Macklin;dmacklin65@disqus.com;Female
223;Trever;Redmille;tredmille66@discuz.net;Male
224;Raddy;Garforth;rgarforth67@indiatimes.com;Male
225;Idalina;Hayford;ihayford68@sciencedirect.com;Female
226;Lorry;Fashion;lfashion69@time.com;Female
227;Matilda;Mainland;mmainland6a@phoca.cz;Female
228;Nicolas;Gutans;ngutans6b@google.com;Male
229;Forester;Sinney;fsinney6c@ehow.com;Male
230;Ingmar;Gotobed;igotobed6d@salon.com;Male
231;Tymothy;Mackie;tmackie6e@uol.com.br;Male
232;Trenna;Clemendot;tclemendot6f@pinterest.com;Female
233;Torry;Caberas;tcaberas6g@google.es;Male
234;Wernher;Doogan;wdoogan6h@nhs.uk;Male
235;Kiel;Marrow;kmarrow6i@wufoo.com;Male
236;Syd;Prando;sprando6j@vk.com;Male
237;Indira;Ellsbury;iellsbury6k@omniture.com;Female
238;Melloney;Enriques;menriques6l@friendfeed.com;Female
239;Legra;Mintrim;lmintrim6m@statcounter.com;Female
240;Cobby;Caltun;ccaltun6n@behance.net;Male
241;Merrick;Pote;mpote6o@archive.org;Male
242;Hamel;Mathou;hmathou6p@deliciousdays.com;Male
243;Krystalle;Settle;ksettle6q@technorati.com;Female
244;Bel;Cattle;bcattle6r@google.nl;Female
245;Eduino;Grundwater;egrundwater6s@google.de;Male
246;Georg;Berdale;gberdale6t@cocolog-nifty.com;Male
247;Hazel;Giabuzzi;hgiabuzzi6u@rambler.ru;Female
248;Jerrine;Shane;jshane6v@twitpic.com;Female
249;Emmalynne;Colvin;ecolvin6w@wisc.edu;Female
250;Ardisj;Easlea;aeaslea6x@wordpress.com;Female
251;Richard;Wrighton;rwrighton6y@thetimes.co.uk;Male
252;Jozef;Spellecy;jspellecy6z@mashable.com;Male
253;Winna;Lazonby;wlazonby70@booking.com;Female
254;Ellie;O'Malley;eomalley71@github.io;Female
255;Bea;Forker;bforker72@reddit.com;Female
256;Noelle;Matej;nmatej73@indiegogo.com;Female
257;Thorin;Claisse;tclaisse74@opera.com;Male
258;Rainer;Loyndon;rloyndon75@hao123.com;Male
259;Ginnie;Durtnel;gdurtnel76@squidoo.com;Female
260;Keane;Legrave;klegrave77@nydailynews.com;Male
261;Corella;Crickett;ccrickett78@arstechnica.com;Female
262;Melisent;Burnard;mburnard79@google.co.uk;Female
263;Wiatt;McClenan;wmcclenan7a@topsy.com;Male
264;Liam;Reason;lreason7b@goo.ne.jp;Male
265;Ali;Birley;abirley7c@youtu.be;Female
266;Amargo;Cornwall;acornwall7d@webnode.com;Female
267;Amalee;Shiell;ashiell7e@pagesperso-orange.fr;Female
268;Enoch;Tadman;etadman7f@washington.edu;Male
269;Tom;Nairn;tnairn7g@smh.com.au;Male
270;Cherlyn;Campes;ccampes7h@github.io;Female
271;Tobie;Summerill;tsummerill7i@howstuffworks.com;Male
272;Cristabel;Maddern;cmaddern7j@whitehouse.gov;Female
273;Candie;Helleckas;chelleckas7k@lulu.com;Female
274;Brander;Godsafe;bgodsafe7l@unblog.fr;Male
275;Zondra;Oxford;zoxford7m@usgs.gov;Female
276;Lynett;Stallworthy;lstallworthy7n@disqus.com;Female
277;Ailey;Wilkie;awilkie7o@google.cn;Female
278;Valene;Scrivenor;vscrivenor7p@macromedia.com;Female
279;Susana;Brandel;sbrandel7q@google.co.jp;Female
280;Wain;Errey;werrey7r@ocn.ne.jp;Male
281;Hildegarde;Pessolt;hpessolt7s@instagram.com;Female
282;Hilario;Barden;hbarden7t@sfgate.com;Male
283;Giusto;O' Mullan;gomullan7u@twitter.com;Male
284;Hollis;Hiddy;hhiddy7v@ft.com;Male
285;Morris;Brizell;mbrizell7w@addtoany.com;Male
286;Forster;Moreland;fmoreland7x@networkadvertising.org;Male
287;Carmella;Allsobrook;callsobrook7y@home.pl;Female
288;Tildy;Cammacke;tcammacke7z@usa.gov;Female
289;Anton;Carnegie;acarnegie80@ask.com;Male
290;Obidiah;Edy;oedy81@usgs.gov;Male
291;Hakeem;Clayton;hclayton82@weather.com;Male
292;Stefa;McAvin;smcavin83@cafepress.com;Female
293;Trev;Rapson;trapson84@nymag.com;Male
294;Lynett;Eadie;leadie85@paypal.com;Female
295;Herbie;Abrams;habrams86@de.vu;Male
296;Aidan;Matzel;amatzel87@nationalgeographic.com;Female
297;Arlena;Mattimoe;amattimoe88@globo.com;Female
298;Darn;McGlynn;dmcglynn89@newyorker.com;Male
299;Tera;Scallon;tscallon8a@google.de;Female
300;Franzen;Laight;flaight8b@wikispaces.com;Male
301;Legra;Patise;lpatise8c@surveymonkey.com;Female
302;Eben;Mingay;emingay8d@webs.com;Male
303;Lukas;Fredson;lfredson8e@a8.net;Male
304;Francklyn;M'Quharge;fmquharge8f@ibm.com;Male
305;Baryram;MacCallister;bmaccallister8g@jalbum.net;Male
306;Dyann;Vassar;dvassar8h@si.edu;Female
307;Matthaeus;MacDiarmid;mmacdiarmid8i@desdev.cn;Male
308;Almeda;Paddeley;apaddeley8j@gizmodo.com;Female
309;Carolin;Agett;cagett8k@opensource.org;Female
310;Karney;Mulhill;kmulhill8l@hc360.com;Male
311;Bette-ann;Lambrechts;blambrechts8m@cafepress.com;Female
312;Imelda;Dabel;idabel8n@gmpg.org;Female
313;Livia;Ockendon;lockendon8o@census.gov;Female
314;Goraud;Weyman;gweyman8p@blinklist.com;Male
315;Tasia;Avraham;tavraham8q@i2i.jp;Female
316;Cherish;Vasechkin;cvasechkin8r@vkontakte.ru;Female
317;Krissy;Bennit;kbennit8s@dion.ne.jp;Female
318;Kennan;Manvell;kmanvell8t@blogs.com;Male
319;Stacey;Kraft;skraft8u@army.mil;Female
320;Petronille;Eneas;peneas8v@xrea.com;Female
321;Cecilius;Johnson;cjohnson8w@cyberchimps.com;Male
322;Hilliary;Scoyles;hscoyles8x@edublogs.org;Female
323;Chloe;Coulthard;ccoulthard8y@delicious.com;Female
324;Linea;MacNamee;lmacnamee8z@vimeo.com;Female
325;Theressa;Bolam;tbolam90@yandex.ru;Female
326;Salvador;Yewdall;syewdall91@shareasale.com;Male
327;Maighdiln;Bon;mbon92@blinklist.com;Female
328;Roth;Pillington;rpillington93@blog.com;Male
329;Earvin;Bransom;ebransom94@blog.com;Male
330;Nerissa;Fairley;nfairley95@whitehouse.gov;Female
331;Howard;Eastby;heastby96@is.gd;Male
332;Sile;Berget;sberget97@squarespace.com;Female
333;Gordy;Donat;gdonat98@vk.com;Male
334;Eleen;Ivery;eivery99@hud.gov;Female
335;Godwin;Bennike;gbennike9a@redcross.org;Male
336;Zared;McGuirk;zmcguirk9b@sfgate.com;Male
337;Bengt;Stallion;bstallion9c@gmpg.org;Male
338;Alford;Schultheiss;aschultheiss9d@nsw.gov.au;Male
339;Dennison;Faltskog;dfaltskog9e@salon.com;Male
340;Olimpia;Bluett;obluett9f@aol.com;Female
341;Claudio;Aberdalgy;caberdalgy9g@angelfire.com;Male
342;Arabel;Duxbarry;aduxbarry9h@wufoo.com;Female
343;Bertie;Harverson;bharverson9i@instagram.com;Male
344;Zorina;Polleye;zpolleye9j@purevolume.com;Female
345;Tadeo;Alflat;talflat9k@nasa.gov;Male
346;Maddi;Stapels;mstapels9l@mail.ru;Female
347;Gussi;Akett;gakett9m@smh.com.au;Female
348;Kingsly;Vowden;kvowden9n@blogtalkradio.com;Male
349;Karisa;Wandless;kwandless9o@state.gov;Female
350;Osborne;Smewin;osmewin9p@sakura.ne.jp;Male
351;Magda;MacMenemy;mmacmenemy9q@wix.com;Female
352;Burl;Rawls;brawls9r@discuz.net;Male
353;Lissa;Garbett;lgarbett9s@wordpress.com;Female
354;Ken;Milnthorpe;kmilnthorpe9t@imgur.com;Male
355;Eve;Van Haeften;evanhaeften9u@go.com;Female
356;Montague;Ruckledge;mruckledge9v@live.com;Male
357;Jo;Falls;jfalls9w@smugmug.com;Female
358;Delaney;Ryhorovich;dryhorovich9x@icq.com;Male
359;Lorens;Gravie;lgravie9y@nifty.com;Male
360;Felic;Coolahan;fcoolahan9z@sina.com.cn;Male
361;Nedda;Shugg;nshugga0@google.es;Female
362;Clementia;Corah;ccoraha1@unicef.org;Female
363;Susanetta;Reeday;sreedaya2@wp.com;Female
364;Roslyn;Lagadu;rlagadua3@infoseek.co.jp;Female
365;Prentice;Mabbs;pmabbsa4@house.gov;Male
366;Constantia;Blagbrough;cblagbrougha5@google.ca;Female
367;Bret;Pudsall;bpudsalla6@parallels.com;Male
368;Sherwin;Cattenach;scattenacha7@epa.gov;Male
369;Claudell;Durnford;cdurnforda8@nps.gov;Male
370;Milt;Rowth;mrowtha9@ustream.tv;Male
371;Ethe;Gettone;egettoneaa@t-online.de;Male
372;Frants;Pittle;fpittleab@illinois.edu;Male
373;Stevana;Cockshott;scockshottac@mashable.com;Female
374;Tabb;Gethouse;tgethousead@wordpress.org;Male
375;Avigdor;Monnery;amonneryae@friendfeed.com;Male
376;Berenice;Dorset;bdorsetaf@lycos.com;Female
377;Archer;Whitlow;awhitlowag@alibaba.com;Male
378;Carlin;Mynett;cmynettah@vk.com;Male
379;Blanch;Gouldbourn;bgouldbournai@spiegel.de;Female
380;Michaeline;Darkin;mdarkinaj@twitter.com;Female
381;Burlie;Balsellie;bbalsellieak@bandcamp.com;Male
382;Northrop;Bibb;nbibbal@fema.gov;Male
383;Morty;Downe;mdowneam@dot.gov;Male
384;Odette;Basson;obassonan@blog.com;Female
385;Jodie;Jeannequin;jjeannequinao@alexa.com;Male
386;Penny;Maving;pmavingap@webmd.com;Female
387;Steward;Klemensiewicz;sklemensiewiczaq@sbwire.com;Male
388;Honoria;Andrzejczak;handrzejczakar@pcworld.com;Female
389;Andonis;Martinetto;amartinettoas@usa.gov;Male
390;Golda;Championnet;gchampionnetat@seattletimes.com;Female
391;Erv;Churms;echurmsau@msn.com;Male
392;Rube;Bedle;rbedleav@google.com.hk;Male
393;Hugo;Simison;hsimisonaw@desdev.cn;Male
394;Lek;Cobleigh;lcobleighax@weibo.com;Male
395;Kacey;Sandeland;ksandelanday@yelp.com;Female
396;Fidel;Rieger;friegeraz@cocolog-nifty.com;Male
397;Rachael;Buckett;rbuckettb0@oracle.com;Female
398;Wilt;Frounks;wfrounksb1@biblegateway.com;Male
399;Minetta;Brennon;mbrennonb2@usnews.com;Female
400;Meggie;Muglestone;mmuglestoneb3@tiny.cc;Female
401;Darda;Redhole;dredholeb4@reuters.com;Female
402;Nikita;Arrighi;narrighib5@list-manage.com;Male
403;Terese;Risso;trissob6@creativecommons.org;Female
404;Egor;Chessor;echessorb7@last.fm;Male
405;Randal;Puddephatt;rpuddephattb8@forbes.com;Male
406;Melamie;Walster;mwalsterb9@barnesandnoble.com;Female
407;Stevie;Schaffler;sschafflerba@bbc.co.uk;Male
408;Ellissa;Lyles;elylesbb@opensource.org;Female
409;Allister;Pursglove;apursglovebc@woothemes.com;Male
410;Desirae;Bromley;dbromleybd@yellowpages.com;Female
411;Starlin;Cockaday;scockadaybe@ucla.edu;Female
412;Millisent;Swindall;mswindallbf@sina.com.cn;Female
413;Munroe;Graben;mgrabenbg@hibu.com;Male
414;Gib;Whitelaw;gwhitelawbh@goodreads.com;Male
415;Curry;Pengilly;cpengillybi@examiner.com;Male
416;Yehudi;Van der Hoeven;yvanderhoevenbj@bbb.org;Male
417;Frances;Daens;fdaensbk@cam.ac.uk;Female
418;Barret;Korneluk;bkornelukbl@so-net.ne.jp;Male
419;Glenine;Archer;garcherbm@google.com;Female
420;Hill;Collier;hcollierbn@themeforest.net;Male
421;Bobbi;Norton;bnortonbo@last.fm;Female
422;Callida;Hinks;chinksbp@house.gov;Female
423;Waldemar;Dudgeon;wdudgeonbq@unc.edu;Male
424;Claudell;Cradoc;ccradocbr@webnode.com;Male
425;Kassie;Mathes;kmathesbs@shinystat.com;Female
426;Dillie;Hum;dhumbt@apache.org;Male
427;Vania;Amberson;vambersonbu@de.vu;Female
428;Blanca;Cater;bcaterbv@free.fr;Female
429;Jasper;Haffner;jhaffnerbw@mysql.com;Male
430;Laurene;Leivers;lleiversbx@economist.com;Female
431;Claudie;Hughlock;chughlockby@businesswire.com;Female
432;Cordie;McCard;cmccardbz@amazon.de;Male
433;Loise;Jellman;ljellmanc0@pinterest.com;Female
434;Conroy;Bartomeu;cbartomeuc1@engadget.com;Male
435;Blayne;Bricksey;bbrickseyc2@t.co;Male
436;Mellisent;Abbotson;mabbotsonc3@friendfeed.com;Female
437;Valera;Tubritt;vtubrittc4@squarespace.com;Female
438;Ferd;Errington;ferringtonc5@yelp.com;Male
439;Peder;Mandell;pmandellc6@plala.or.jp;Male
440;Gabbie;Barfield;gbarfieldc7@ning.com;Female
441;Dru;Caulkett;dcaulkettc8@china.com.cn;Female
442;Maryrose;Gatman;mgatmanc9@about.com;Female
443;Averell;Frowen;afrowenca@thetimes.co.uk;Male
444;Jeffy;Saull;jsaullcb@hc360.com;Male
445;Shirlene;Fleote;sfleotecc@cisco.com;Female
446;Ariella;Koche;akochecd@biblegateway.com;Female
447;Chaddy;Waddilow;cwaddilowce@ovh.net;Male
448;Vivia;Tanswell;vtanswellcf@ehow.com;Female
449;Jandy;Bartholomieu;jbartholomieucg@studiopress.com;Female
450;Eb;Matveiko;ematveikoch@redcross.org;Male
451;Albina;McFall;amcfallci@cdc.gov;Female
452;Kylila;O' Mulderrig;komulderrigcj@si.edu;Female
453;Gregor;MacEvilly;gmacevillyck@hud.gov;Male
454;Aloise;Treagus;atreaguscl@dyndns.org;Female
455;Townie;Huddleston;thuddlestoncm@tuttocitta.it;Male
456;Livvy;Todman;ltodmancn@aboutads.info;Female
457;Curry;Gyorffy;cgyorffyco@stanford.edu;Male
458;Paloma;Rainsden;prainsdencp@chicagotribune.com;Female
459;Stuart;Duplain;sduplaincq@bloglines.com;Male
460;Brittani;Loyd;bloydcr@ucoz.ru;Female
461;Candida;Bagby;cbagbycs@lycos.com;Female
462;Marian;Kopke;mkopkect@wikia.com;Female
463;Josiah;Mosdall;jmosdallcu@etsy.com;Male
464;Cori;Steljes;csteljescv@stanford.edu;Female
465;Myron;Duckhouse;mduckhousecw@fc2.com;Male
466;Ally;Hollingby;ahollingbycx@youku.com;Female
467;Kinnie;Ridger;kridgercy@4shared.com;Male
468;Elvera;Steger;estegercz@theatlantic.com;Female
469;Sheilakathryn;de Keep;sdekeepd0@sciencedirect.com;Female
470;Jacki;Rastrick;jrastrickd1@github.io;Female
471;Alyson;Peachment;apeachmentd2@ucsd.edu;Female
472;Hilario;Bontein;hbonteind3@de.vu;Male
473;Sib;Kilfoyle;skilfoyled4@taobao.com;Female
474;Rodger;Tattoo;rtattood5@hatena.ne.jp;Male
475;Hamish;Pethrick;hpethrickd6@nydailynews.com;Male
476;Buffy;Sille;bsilled7@goo.ne.jp;Female
477;Nannette;Nelius;nneliusd8@infoseek.co.jp;Female
478;Merline;Matschek;mmatschekd9@nationalgeographic.com;Female
479;Pam;Kearn;pkearnda@tuttocitta.it;Female
480;Welby;Misselbrook;wmisselbrookdb@reference.com;Male
481;Jana;Alcoran;jalcorandc@cargocollective.com;Female
482;Brent;Binnell;bbinnelldd@instagram.com;Male
483;Adena;Salsbury;asalsburyde@wufoo.com;Female
484;Seamus;Keyse;skeysedf@state.tx.us;Male
485;Kin;Danielski;kdanielskidg@shareasale.com;Male
486;Ingmar;Robb;irobbdh@dedecms.com;Male
487;Darnall;Cosstick;dcosstickdi@i2i.jp;Male
488;Beverly;Ramsey;bramseydj@pen.io;Female
489;Wally;Ost;wostdk@cnn.com;Male
490;Claire;Ygoe;cygoedl@adobe.com;Male
491;Doralynn;Masser;dmasserdm@china.com.cn;Female
492;Hillel;Massy;hmassydn@csmonitor.com;Male
493;Doll;Kelway;dkelwaydo@mashable.com;Female
494;Nicolai;Domoni;ndomonidp@e-recht24.de;Male
495;Bendicty;Vasilkov;bvasilkovdq@rediff.com;Male
496;Urbanus;Plank;uplankdr@utexas.edu;Male
497;Reinaldo;Reinmar;rreinmards@weebly.com;Male
498;Saxon;Castiglione;scastiglionedt@flickr.com;Male
499;Rudolf;Attoe;rattoedu@nih.gov;Male
500;Jarred;Aston;jastondv@soundcloud.com;Male
501;Remy;Hargie;rhargiedw@globo.com;Female
502;Marlow;Bum;mbumdx@unesco.org;Male
503;Alleyn;Hamfleet;ahamfleetdy@ask.com;Male
504;Cooper;Raffon;craffondz@cam.ac.uk;Male
505;Bamby;McDermot;bmcdermote0@liveinternet.ru;Female
506;Baillie;Dufer;bdufere1@fastcompany.com;Male
507;Josh;Atwater;jatwatere2@gravatar.com;Male
508;Amos;Addess;aaddesse3@accuweather.com;Male
509;Hilarius;Walmsley;hwalmsleye4@diigo.com;Male
510;Andra;Syres;asyrese5@cisco.com;Female
511;Maryellen;Cornels;mcornelse6@1688.com;Female
512;Robin;Buckhurst;rbuckhurste7@globo.com;Female
513;Emilia;Griniov;egriniove8@nih.gov;Female
514;Eloisa;Maggiore;emaggioree9@webs.com;Female
515;Ami;Shacklady;ashackladyea@admin.ch;Female
516;Lusa;Easton;leastoneb@theglobeandmail.com;Female
517;Christian;Lesaunier;clesaunierec@dailymail.co.uk;Male
518;Marv;Digby;mdigbyed@delicious.com;Male
519;Fair;Pursglove;fpursgloveee@go.com;Male
520;Belia;Carlyon;bcarlyonef@goo.ne.jp;Female
521;Eyde;Lumbers;elumberseg@apple.com;Female
522;Jaquenette;Michael;jmichaeleh@list-manage.com;Female
523;Mayne;Corbin;mcorbinei@zimbio.com;Male
524;Brina;Beyn;bbeynej@cnbc.com;Female
525;Bran;Sedgemore;bsedgemoreek@aol.com;Male
526;Spenser;Ybarra;sybarrael@fema.gov;Male
527;Lorette;Vynarde;lvynardeem@geocities.com;Female
528;Vivi;Battleson;vbattlesonen@wiley.com;Female
529;Pall;Trethewey;ptretheweyeo@youtu.be;Male
530;Viviana;Prise;vpriseep@ft.com;Female
531;Abagael;Iacobo;aiacoboeq@discuz.net;Female
532;Savina;Loughton;sloughtoner@google.fr;Female
533;Murdoch;Pettifer;mpettiferes@ehow.com;Male
534;Ab;Prattin;aprattinet@salon.com;Male
535;Mallorie;Hedde;mheddeeu@howstuffworks.com;Female
536;Vanya;Bampton;vbamptonev@cbc.ca;Female
537;Britta;Tomet;btometew@google.it;Female
538;Lion;Elson;lelsonex@typepad.com;Male
539;Lilllie;Patesel;lpateseley@tmall.com;Female
540;Matilda;Briar;mbriarez@spotify.com;Female
541;Ara;Itzakovitz;aitzakovitzf0@weebly.com;Female
542;Rozalin;Tooby;rtoobyf1@google.es;Female
543;Andrus;Klaggeman;aklaggemanf2@ning.com;Male
544;Ulrich;Barts;ubartsf3@google.de;Male
545;Percy;Attenborough;pattenboroughf4@amazon.co.jp;Male
546;Astra;Yegorovnin;ayegorovninf5@slashdot.org;Female
547;Laurette;Featherstonhaugh;lfeatherstonhaughf6@columbia.edu;Female
548;Ivett;Oselton;ioseltonf7@pen.io;Female
549;Boote;Somerbell;bsomerbellf8@webs.com;Male
550;Fields;Pynn;fpynnf9@omniture.com;Male
551;Kandace;Ensten;kenstenfa@cbsnews.com;Female
552;Kipp;Daveran;kdaveranfb@blinklist.com;Male
553;Cullen;De Beneditti;cdebenedittifc@forbes.com;Male
554;Jeralee;Shrieves;jshrievesfd@last.fm;Female
555;Portia;Brewers;pbrewersfe@tripadvisor.com;Female
556;Vasili;Gligori;vgligoriff@webnode.com;Male
557;Rena;Jiggens;rjiggensfg@1688.com;Female
558;Justinian;Matzaitis;jmatzaitisfh@businessweek.com;Male
559;Imogen;Eastam;ieastamfi@unesco.org;Female
560;Horace;Woollaston;hwoollastonfj@4shared.com;Male
561;Thibaud;Dalgetty;tdalgettyfk@twitter.com;Male
562;Woody;Niesegen;wniesegenfl@sogou.com;Male
563;Brigida;McMenamin;bmcmenaminfm@list-manage.com;Female
564;Grantham;Brewett;gbrewettfn@ning.com;Male
565;Obidiah;Bodega;obodegafo@soundcloud.com;Male
566;Kalvin;Eaddy;keaddyfp@livejournal.com;Male
567;Duffy;Feldstein;dfeldsteinfq@businessweek.com;Male
568;Calhoun;Everly;ceverlyfr@omniture.com;Male
569;Julio;Messum;jmessumfs@istockphoto.com;Male
570;Haley;Puddifer;hpuddiferft@walmart.com;Female
571;Padgett;Essam;pessamfu@cisco.com;Male
572;Charlton;Oyley;coyleyfv@live.com;Male
573;Tyson;Moberley;tmoberleyfw@army.mil;Male
574;Bob;Mariault;bmariaultfx@wix.com;Male
575;Leah;Prahl;lprahlfy@github.io;Female
576;Oren;Parslow;oparslowfz@cnn.com;Male
577;Lanita;Juan;ljuang0@nba.com;Female
578;Cyrillus;Ferson;cfersong1@biblegateway.com;Male
579;Ramsay;Clifforth;rclifforthg2@craigslist.org;Male
580;Galina;Symon;gsymong3@ebay.com;Female
581;Tani;Glennon;tglennong4@dedecms.com;Female
582;Cynthie;Prydie;cprydieg5@constantcontact.com;Female
583;Bryant;Scargle;bscargleg6@army.mil;Male
584;Kori;Lakeland;klakelandg7@google.co.uk;Female
585;Selene;Bruineman;sbruinemang8@weibo.com;Female
586;Sallyann;Morstatt;smorstattg9@rakuten.co.jp;Female
587;Birk;Troup;btroupga@pbs.org;Male
588;Wat;Reihm;wreihmgb@quantcast.com;Male
589;Ruthi;Parman;rparmangc@rediff.com;Female
590;Terrye;Rushbury;trushburygd@histats.com;Female
591;Lillian;Clemmett;lclemmettge@usnews.com;Female
592;Emanuel;McLae;emclaegf@upenn.edu;Male
593;Delano;Seville;dsevillegg@bbc.co.uk;Male
594;Markus;Chaudrelle;mchaudrellegh@freewebs.com;Male
595;Maudie;Rohfsen;mrohfsengi@wsj.com;Female
596;Marjory;Kernocke;mkernockegj@netvibes.com;Female
597;Thacher;Verey;tvereygk@nih.gov;Male
598;Chrisy;Dolling;cdollinggl@blogtalkradio.com;Male
599;Arther;Addy;aaddygm@sun.com;Male
600;Demetre;Lilleyman;dlilleymangn@so-net.ne.jp;Male
601;Tiffani;Antonias;tantoniasgo@yellowbook.com;Female
602;Ethelind;Wreiford;ewreifordgp@list-manage.com;Female
603;Julita;Godart;jgodartgq@who.int;Female
604;Marcie;Geharke;mgeharkegr@godaddy.com;Female
605;Juli;Lapping;jlappinggs@admin.ch;Female
606;Dionisio;Dolan;ddolangt@auda.org.au;Male
607;Ricca;Falco;rfalcogu@netlog.com;Female
608;Atalanta;Varne;avarnegv@hubpages.com;Female
609;Hubert;Coulston;hcoulstongw@blog.com;Male
610;Lanni;Wolland;lwollandgx@dropbox.com;Female
611;Rab;Blackaller;rblackallergy@blogspot.com;Male
612;Kerwin;Holdworth;kholdworthgz@a8.net;Male
613;Crystal;Thurley;cthurleyh0@discuz.net;Female
614;Rowland;Clemmens;rclemmensh1@is.gd;Male
615;Tadd;Ireson;tiresonh2@ocn.ne.jp;Male
616;Nap;Tunsley;ntunsleyh3@unesco.org;Male
617;Oralie;Dummett;odummetth4@webnode.com;Female
618;Carmen;Erskine;cerskineh5@dyndns.org;Female
619;Odelle;Atkins;oatkinsh6@photobucket.com;Female
620;Ellene;Hysom;ehysomh7@webs.com;Female
621;Lewiss;Sherman;lshermanh8@washingtonpost.com;Male
622;Keefe;Hickford;khickfordh9@merriam-webster.com;Male
623;Chandra;Probert;cprobertha@wix.com;Female
624;Marcelline;Alsobrook;malsobrookhb@g.co;Female
625;Rik;Myerscough;rmyerscoughhc@wikispaces.com;Male
626;Darcy;Foran;dforanhd@narod.ru;Male
627;Mario;Bernardelli;mbernardellihe@mit.edu;Male
628;Sayers;Forrester;sforresterhf@homestead.com;Male
629;Meredeth;Samms;msammshg@latimes.com;Male
630;Wake;Attlee;wattleehh@toplist.cz;Male
631;Raddy;Roskam;rroskamhi@slate.com;Male
632;Valdemar;Wilbor;vwilborhj@desdev.cn;Male
633;Wye;Kardos;wkardoshk@phoca.cz;Male
634;Mireille;Knoble;mknoblehl@weather.com;Female
635;Orran;Synke;osynkehm@chron.com;Male
636;Valene;Klyn;vklynhn@java.com;Female
637;Cathyleen;Boswood;cboswoodho@alibaba.com;Female
638;Arlin;Biagi;abiagihp@elpais.com;Male
639;Diarmid;Phinnessy;dphinnessyhq@aboutads.info;Male
640;Kathlin;Lightewood;klightewoodhr@stumbleupon.com;Female
641;Konstanze;Worcs;kworcshs@twitpic.com;Female
642;Alasdair;Kaaskooper;akaaskooperht@com.com;Male
643;Frederigo;Beldon;fbeldonhu@hexun.com;Male
644;Nadeen;Glascott;nglascotthv@about.com;Female
645;Dore;De la Perrelle;ddelaperrellehw@imdb.com;Female
646;Bobbee;Ratlee;bratleehx@google.es;Female
647;Allister;Doerren;adoerrenhy@un.org;Male
648;Magdaia;Chaundy;mchaundyhz@de.vu;Female
649;Ingar;Vondrys;ivondrysi0@sourceforge.net;Male
650;Ryann;Mullin;rmullini1@macromedia.com;Female
651;Car;Mahedy;cmahedyi2@tripod.com;Male
652;Gipsy;Kettoe;gkettoei3@amazon.co.uk;Female
653;Rodger;Grishmanov;rgrishmanovi4@miibeian.gov.cn;Male
654;Lesya;Lowres;llowresi5@archive.org;Female
655;Joscelin;Davidovitz;jdavidovitzi6@gravatar.com;Female
656;Ky;Yegoshin;kyegoshini7@harvard.edu;Male
657;Flint;Armit;farmiti8@java.com;Male
658;Wheeler;Durden;wdurdeni9@patch.com;Male
659;Pablo;Schellig;pschelligia@gravatar.com;Male
660;Izaak;Scurrah;iscurrahib@businessinsider.com;Male
661;Geralda;Hazley;ghazleyic@networksolutions.com;Female
662;Lucia;Maddick;lmaddickid@istockphoto.com;Female
663;Mahalia;Ikins;mikinsie@apache.org;Female
664;Gery;Matusov;gmatusovif@macromedia.com;Male
665;Palm;Satterley;psatterleyig@homestead.com;Male
666;Gabriele;Gritsaev;ggritsaevih@eventbrite.com;Male
667;Tommie;Bromilow;tbromilowii@ftc.gov;Female
668;Augustina;Bloodworth;abloodworthij@netvibes.com;Female
669;Wendall;Whiteman;wwhitemanik@disqus.com;Male
670;Annelise;Franke;afrankeil@cyberchimps.com;Female
671;Penni;Verrico;pverricoim@furl.net;Female
672;Ronnie;Criple;rcriplein@nature.com;Female
673;Sela;Toth;stothio@deviantart.com;Female
674;Deana;Jantzen;djantzenip@msu.edu;Female
675;Franny;Garie;fgarieiq@google.it;Male
676;Averil;Shevell;ashevellir@unesco.org;Female
677;Skippie;Govett;sgovettis@mozilla.org;Male
678;Lewes;Morcom;lmorcomit@hc360.com;Male
679;Auberon;Wooton;awootoniu@1und1.de;Male
680;Henryetta;Kiraly;hkiralyiv@opensource.org;Female
681;Orion;Lowres;olowresiw@nyu.edu;Male
682;Trixi;Carek;tcarekix@apple.com;Female
683;Drusie;Cluckie;dcluckieiy@fc2.com;Female
684;Ezechiel;Gaber;egaberiz@weebly.com;Male
685;Torrie;Sellek;tsellekj0@cbsnews.com;Female
686;Inglebert;Dockray;idockrayj1@time.com;Male
687;Willdon;Morrell;wmorrellj2@meetup.com;Male
688;Ema;Comben;ecombenj3@mail.ru;Female
689;Rice;Georges;rgeorgesj4@live.com;Male
690;Deeanne;Peattie;dpeattiej5@webmd.com;Female
691;Electra;Corstorphine;ecorstorphinej6@ehow.com;Female
692;Jillie;Brimner;jbrimnerj7@infoseek.co.jp;Female
693;Geri;Squires;gsquiresj8@mapquest.com;Male
694;Hollyanne;Olive;holivej9@si.edu;Female
695;Caroljean;Surgison;csurgisonja@nba.com;Female
696;Yetty;Brouncker;ybrounckerjb@ow.ly;Female
697;Tomi;Comins;tcominsjc@hhs.gov;Female
698;Bink;Karolovsky;bkarolovskyjd@geocities.com;Male
699;Angus;Courtese;acourteseje@google.ru;Male
700;Rosa;Humberstone;rhumberstonejf@delicious.com;Female
701;Yorgos;Pearle;ypearlejg@prnewswire.com;Male
702;Aguistin;Vakhrushin;avakhrushinjh@freewebs.com;Male
703;Bjorn;Screas;bscreasji@simplemachines.org;Male
704;Esmaria;Gubbin;egubbinjj@wufoo.com;Female
705;Hulda;Sellen;hsellenjk@linkedin.com;Female
706;Geoffrey;Luna;glunajl@xinhuanet.com;Male
707;Leonard;Bennallck;lbennallckjm@shop-pro.jp;Male
708;Devon;Sherbrooke;dsherbrookejn@tmall.com;Female
709;Neel;Montel;nmonteljo@hao123.com;Male
710;Danette;Brauninger;dbrauningerjp@vkontakte.ru;Female
711;Chelsey;MacCrackan;cmaccrackanjq@is.gd;Female
712;Archer;Veall;avealljr@woothemes.com;Male
713;Catrina;Kordt;ckordtjs@samsung.com;Female
714;Obidiah;Dreus;odreusjt@yellowpages.com;Male
715;Idalina;Rustedge;irustedgeju@globo.com;Female
716;Shell;Stiffkins;sstiffkinsjv@hugedomains.com;Female
717;Quinton;Frederick;qfrederickjw@imgur.com;Male
718;Siward;Stammler;sstammlerjx@ezinearticles.com;Male
719;Edythe;Verriour;everriourjy@yale.edu;Female
720;Fredericka;Gonsalo;fgonsalojz@hatena.ne.jp;Female
721;Tracey;Farran;tfarrank0@symantec.com;Female
722;Ciel;Surcombe;csurcombek1@furl.net;Female
723;Granville;Gorioli;ggoriolik2@hc360.com;Male
724;Pierette;Shirlaw;pshirlawk3@jalbum.net;Female
725;Munmro;Russell;mrussellk4@jalbum.net;Male
726;Gordie;Gibby;ggibbyk5@tripadvisor.com;Male
727;Berni;Sancroft;bsancroftk6@nbcnews.com;Female
728;Cynthea;Downse;cdownsek7@shinystat.com;Female
729;Catherine;Pattisson;cpattissonk8@archive.org;Female
730;Germaine;Klawi;gklawik9@va.gov;Male
731;Cristionna;McGavin;cmcgavinka@about.com;Female
732;Midge;Danbury;mdanburykb@icq.com;Female
733;Brockie;Ganforth;bganforthkc@europa.eu;Male
734;Gaelan;Gilligan;ggilligankd@rakuten.co.jp;Male
735;Frances;Kennet;fkennetke@sakura.ne.jp;Female
736;Paco;Pennoni;ppennonikf@oakley.com;Male
737;Hortense;Landall;hlandallkg@oracle.com;Female
738;Lee;Villiers;lvillierskh@g.co;Female
739;Iormina;Scotting;iscottingki@si.edu;Female
740;Patin;Matskiv;pmatskivkj@amazonaws.com;Male
741;Morly;Halfacre;mhalfacrekk@com.com;Male
742;Reece;Marsland;rmarslandkl@cmu.edu;Male
743;Walt;Bugbird;wbugbirdkm@spotify.com;Male
744;Gage;Sylett;gsylettkn@princeton.edu;Male
745;Jeane;Pealing;jpealingko@acquirethisname.com;Female
746;Benjamen;Decaze;bdecazekp@studiopress.com;Male
747;Natty;Joselevitch;njoselevitchkq@mapquest.com;Female
748;Rozanne;Abdy;rabdykr@cargocollective.com;Female
749;Bancroft;Sarjant;bsarjantks@tmall.com;Male
750;Jessie;Aldersley;jaldersleykt@meetup.com;Female
751;Rosalia;Yukhnin;ryukhninku@friendfeed.com;Female
752;Gabriello;Cracker;gcrackerkv@oaic.gov.au;Male
753;Damian;Dowsing;ddowsingkw@123-reg.co.uk;Male
754;Lelia;Screas;lscreaskx@lulu.com;Female
755;Lurette;Markushkin;lmarkushkinky@amazon.co.jp;Female
756;Berte;Madden;bmaddenkz@indiatimes.com;Female
757;Sammy;Burbridge;sburbridgel0@cam.ac.uk;Male
758;Konstantine;Georger;kgeorgerl1@infoseek.co.jp;Male
759;Gennie;Ebbotts;gebbottsl2@wix.com;Female
760;Cosette;Pincott;cpincottl3@comcast.net;Female
761;Abeu;Bradick;abradickl4@linkedin.com;Male
762;Athena;Gilbane;agilbanel5@home.pl;Female
763;Brandtr;Gange;bgangel6@soundcloud.com;Male
764;Garald;Joss;gjossl7@cornell.edu;Male
765;Kristofor;McCooke;kmccookel8@webs.com;Male
766;Chandra;Saywood;csaywoodl9@freewebs.com;Female
767;Gaspar;Brearley;gbrearleyla@i2i.jp;Male
768;Timoteo;Spir;tspirlb@ning.com;Male
769;Phyllida;Cunningham;pcunninghamlc@smh.com.au;Female
770;Romeo;Shevelin;rshevelinld@dion.ne.jp;Male
771;Sada;Diggons;sdiggonsle@nationalgeographic.com;Female
772;Lizzy;Dulinty;ldulintylf@t-online.de;Female
773;Edik;Tippings;etippingslg@gov.uk;Male
774;Ward;Giblin;wgiblinlh@paginegialle.it;Male
775;Rhys;Jinkin;rjinkinli@canalblog.com;Male
776;Avrom;Sealove;asealovelj@google.de;Male
777;Madelon;Conroy;mconroylk@histats.com;Female
778;Jenda;Ducastel;jducastelll@photobucket.com;Female
779;Melli;Arnaudet;marnaudetlm@google.cn;Female
780;Rosabelle;Stockwell;rstockwellln@mozilla.com;Female
781;Gradeigh;Dodge;gdodgelo@hubpages.com;Male
782;Lyell;Busby;lbusbylp@apache.org;Male
783;Ikey;Yewdell;iyewdelllq@etsy.com;Male
784;Osborn;Edy;oedylr@angelfire.com;Male
785;Silvain;Arnauduc;sarnauducls@stumbleupon.com;Male
786;Wally;Lopes;wlopeslt@telegraph.co.uk;Male
787;Hali;Fountaine;hfountainelu@gravatar.com;Female
788;Wilone;Blankley;wblankleylv@hexun.com;Female
789;Dun;Leggen;dleggenlw@a8.net;Male
790;Antin;Salters;asalterslx@forbes.com;Male
791;Fonz;Korfmann;fkorfmannly@nifty.com;Male
792;Jenifer;Dorkens;jdorkenslz@uol.com.br;Female
793;Sheilakathryn;Annon;sannonm0@earthlink.net;Female
794;Fred;Eteen;feteenm1@xing.com;Female
795;Gardie;Presnall;gpresnallm2@bing.com;Male
796;Aldis;Jayume;ajayumem3@bluehost.com;Male
797;Budd;Clara;bclaram4@sfgate.com;Male
798;Federico;Cargen;fcargenm5@umn.edu;Male
799;Mohandas;Di Carli;mdicarlim6@webnode.com;Male
800;Joelle;Ballston;jballstonm7@comsenz.com;Female
801;Valery;Bignold;vbignoldm8@boston.com;Female
802;Max;Rooke;mrookem9@home.pl;Female
803;Tracie;Harte;thartema@yellowpages.com;Female
804;Aimil;Macilhench;amacilhenchmb@aboutads.info;Female
805;Hakeem;Jollie;hjolliemc@stumbleupon.com;Male
806;Shoshanna;Canero;scaneromd@yahoo.com;Female
807;Alfonse;Keijser;akeijserme@marriott.com;Male
808;Holly;Doumic;hdoumicmf@yahoo.co.jp;Female
809;Silvan;Logsdail;slogsdailmg@blogs.com;Male
810;Rustin;Brandli;rbrandlimh@wsj.com;Male
811;Galina;Scripps;gscrippsmi@dedecms.com;Female
812;Carie;Cheng;cchengmj@360.cn;Female
813;Jerrylee;Bordessa;jbordessamk@si.edu;Female
814;Symon;Pleager;spleagerml@last.fm;Male
815;Maynard;Grayland;mgraylandmm@domainmarket.com;Male
816;Clarinda;Fidgin;cfidginmn@nsw.gov.au;Female
817;Godfry;Nodes;gnodesmo@npr.org;Male
818;Allys;Dornan;adornanmp@stumbleupon.com;Female
819;Ariana;Hugnet;ahugnetmq@tmall.com;Female
820;Alfonse;Lenden;alendenmr@delicious.com;Male
821;Birk;Gration;bgrationms@mozilla.com;Male
822;North;Rigmand;nrigmandmt@disqus.com;Male
823;Cilka;Benedick;cbenedickmu@wordpress.com;Female
824;Job;Woodfin;jwoodfinmv@deviantart.com;Male
825;Daryl;Vader;dvadermw@hatena.ne.jp;Male
826;Anastassia;Itscovitz;aitscovitzmx@xrea.com;Female
827;Dunn;Aitchison;daitchisonmy@drupal.org;Male
828;Drud;Escreet;descreetmz@delicious.com;Male
829;Alida;Yetton;ayettonn0@google.fr;Female
830;Janifer;Pfeffer;jpfeffern1@census.gov;Female
831;Dorelia;Lorant;dlorantn2@tiny.cc;Female
832;Benito;Lampke;blampken3@arstechnica.com;Male
833;Jorey;Aberdeen;jaberdeenn4@a8.net;Female
834;Berty;Petera;bpeteran5@netvibes.com;Female
835;Darbee;Pallent;dpallentn6@wunderground.com;Male
836;Karlis;Wilgar;kwilgarn7@unicef.org;Male
837;Berti;Robinett;brobinettn8@biglobe.ne.jp;Female
838;Maura;Leinthall;mleinthalln9@go.com;Female
839;Alonso;Kingzeth;akingzethna@odnoklassniki.ru;Male
840;Silvanus;Pedel;spedelnb@tamu.edu;Male
841;Bartlet;Roseby;brosebync@admin.ch;Male
842;Felecia;Ciepluch;fciepluchnd@netvibes.com;Female
843;Skipper;Ovill;sovillne@wsj.com;Male
844;Chaunce;Mazey;cmazeynf@oaic.gov.au;Male
845;Farah;Lehmann;flehmannng@aol.com;Female
846;Brent;Vallender;bvallendernh@webeden.co.uk;Male
847;Emmalyn;Scarth;escarthni@toplist.cz;Female
848;Noelyn;Matevosian;nmatevosiannj@indiatimes.com;Female
849;Stirling;Gettens;sgettensnk@cnn.com;Male
850;Issiah;Brannigan;ibrannigannl@twitter.com;Male
851;Frazer;Ruppeli;fruppelinm@deviantart.com;Male
852;Waite;Wenzel;wwenzelnn@mail.ru;Male
853;Pembroke;Mayoral;pmayoralno@macromedia.com;Male
854;Cyndie;Dawidman;cdawidmannp@java.com;Female
855;Bernadine;Eckersall;beckersallnq@virginia.edu;Female
856;Kahaleel;Pfleger;kpflegernr@symantec.com;Male
857;Sherwin;Roblou;sroblouns@networkadvertising.org;Male
858;Maren;Trout;mtroutnt@shareasale.com;Female
859;Melany;West-Frimley;mwestfrimleynu@mashable.com;Female
860;Callida;Proom;cproomnv@miibeian.gov.cn;Female
861;Emelen;Visick;evisicknw@yolasite.com;Male
862;Yehudi;Creyke;ycreykenx@skyrock.com;Male
863;Helsa;Roxburch;hroxburchny@senate.gov;Female
864;Tades;Steely;tsteelynz@list-manage.com;Male
865;Libbie;Fullagar;lfullagaro0@twitter.com;Female
866;Georgia;Tuck;gtucko1@dot.gov;Female
867;Herrick;Bickerdike;hbickerdikeo2@flavors.me;Male
868;Carey;Kempson;ckempsono3@rakuten.co.jp;Female
869;Karon;Strange;kstrangeo4@msn.com;Female
870;Fredelia;Dann;fdanno5@opensource.org;Female
871;Staffard;Banner;sbannero6@homestead.com;Male
872;Angelo;Boynton;aboyntono7@nba.com;Male
873;Brit;Giamitti;bgiamittio8@statcounter.com;Male
874;Morgana;Whitwham;mwhitwhamo9@cdbaby.com;Female
875;Mildred;Pine;mpineoa@ucla.edu;Female
876;Margette;Ishchenko;mishchenkoob@bluehost.com;Female
877;Edgardo;Torri;etorrioc@a8.net;Male
878;Pieter;Skellington;pskellingtonod@acquirethisname.com;Male
879;Woodie;Edgworth;wedgworthoe@techcrunch.com;Male
880;Marleah;Pursey;mpurseyof@nifty.com;Female
881;Jeanie;Newall;jnewallog@privacy.gov.au;Female
882;Aurelea;Crouse;acrouseoh@fastcompany.com;Female
883;Ula;Labadini;ulabadinioi@cnet.com;Female
884;Aurelie;Kier;akieroj@joomla.org;Female
885;Clywd;Graalman;cgraalmanok@bravesites.com;Male
886;Angela;Stuffins;astuffinsol@mapy.cz;Female
887;Paloma;Stoade;pstoadeom@accuweather.com;Female
888;Prudi;Aron;paronon@ucoz.ru;Female
889;Carlee;Rhoades;crhoadesoo@forbes.com;Female
890;Dorey;Dover;ddoverop@exblog.jp;Female
891;Elsy;Redwood;eredwoodoq@webmd.com;Female
892;Tarrah;Grieger;tgriegeror@netlog.com;Female
893;Abbott;Midgely;amidgelyos@mapy.cz;Male
894;Peri;Sussams;psussamsot@ucla.edu;Female
895;Reggy;Coggan;rcogganou@technorati.com;Male
896;Kore;Griffen;kgriffenov@unesco.org;Female
897;Liane;Devaney;ldevaneyow@ovh.net;Female
898;Wilburt;Juszkiewicz;wjuszkiewiczox@fc2.com;Male
899;Freddie;Simoni;fsimonioy@phoca.cz;Male
900;Lauren;Ruske;lruskeoz@exblog.jp;Male
901;Jasmin;Eschalette;jeschalettep0@prnewswire.com;Female
902;Arda;Pollock;apollockp1@vistaprint.com;Female
903;Haze;Hassin;hhassinp2@loc.gov;Male
904;Niall;Mundow;nmundowp3@cdbaby.com;Male
905;Binnie;Bountiff;bbountiffp4@smugmug.com;Female
906;Corny;Hinners;chinnersp5@1und1.de;Male
907;Odey;Moors;omoorsp6@geocities.jp;Male
908;Shandra;Eallis;seallisp7@pinterest.com;Female
909;Jo;Redgewell;jredgewellp8@cafepress.com;Male
910;Garrard;Skewes;gskewesp9@jugem.jp;Male
911;Cissiee;Cottesford;ccottesfordpa@wikispaces.com;Female
912;Elliot;Gormley;egormleypb@hatena.ne.jp;Male
913;Sibylle;McKinley;smckinleypc@nba.com;Female
914;Melesa;Torres;mtorrespd@microsoft.com;Female
915;Nonnah;Farquarson;nfarquarsonpe@livejournal.com;Female
916;Base;Crum;bcrumpf@cbslocal.com;Male
917;Emmit;Wraighte;ewraightepg@goodreads.com;Male
918;Rivalee;Bachellier;rbachellierph@delicious.com;Female
919;Towney;Harner;tharnerpi@ft.com;Male
920;Abbott;Ruslin;aruslinpj@va.gov;Male
921;Cassi;Wethers;cwetherspk@deliciousdays.com;Female
922;Fabien;Isgate;fisgatepl@studiopress.com;Male
923;Ester;Shurlock;eshurlockpm@reverbnation.com;Female
924;Elly;Unstead;eunsteadpn@gizmodo.com;Female
925;Homere;Crauford;hcraufordpo@blogs.com;Male
926;Diane-marie;Grinyakin;dgrinyakinpp@bbc.co.uk;Female
927;Alberik;Rastrick;arastrickpq@ycombinator.com;Male
928;Dacie;Georgius;dgeorgiuspr@fastcompany.com;Female
929;Jackqueline;Kubica;jkubicaps@telegraph.co.uk;Female
930;Leroi;Cowser;lcowserpt@admin.ch;Male
931;Lesley;Van Niekerk;lvanniekerkpu@pbs.org;Male
932;Konstantine;Thoumas;kthoumaspv@webnode.com;Male
933;Quintus;Southerell;qsoutherellpw@census.gov;Male
934;Pip;Skippon;pskipponpx@nsw.gov.au;Male
935;Laurie;Cotta;lcottapy@wufoo.com;Male
936;Noby;Ruddiforth;nruddiforthpz@flickr.com;Male
937;Garey;La Rosa;glarosaq0@ibm.com;Male
938;Reynard;Jopling;rjoplingq1@newsvine.com;Male
939;Clarey;Pennicott;cpennicottq2@liveinternet.ru;Female
940;Judi;Radloff;jradloffq3@usnews.com;Female
941;Beatrix;Sherrum;bsherrumq4@yandex.ru;Female
942;Fernando;Tarplee;ftarpleeq5@google.de;Male
943;Gilles;O'Deegan;godeeganq6@apple.com;Male
944;Nicky;Goudie;ngoudieq7@a8.net;Female
945;Alejandro;Gomby;agombyq8@blogs.com;Male
946;Collie;Blaise;cblaiseq9@paginegialle.it;Female
947;Jewel;Getch;jgetchqa@umn.edu;Female
948;Chariot;Drohan;cdrohanqb@adobe.com;Male
949;Morganne;Eisenberg;meisenbergqc@ca.gov;Female
950;Gwennie;Barnhart;gbarnhartqd@goo.ne.jp;Female
951;Aldric;Summerton;asummertonqe@jigsy.com;Male
952;Kirby;Russ;krussqf@typepad.com;Female
953;Veriee;Heister;vheisterqg@mtv.com;Female
954;Hilda;Trusslove;htrussloveqh@dailymail.co.uk;Female
955;Sonny;Rome;sromeqi@yahoo.com;Male
956;Gilles;Pedroli;gpedroliqj@redcross.org;Male
957;Janean;Frederick;jfrederickqk@disqus.com;Female
958;Brandon;Allright;ballrightql@linkedin.com;Male
959;Ethyl;Durbin;edurbinqm@whitehouse.gov;Female
960;Ely;McNeice;emcneiceqn@ustream.tv;Male
961;Frazer;Leeb;fleebqo@unesco.org;Male
962;Brandea;Ginnally;bginnallyqp@wikispaces.com;Female
963;Nappy;Gething;ngethingqq@tuttocitta.it;Male
964;Cynthie;Astill;castillqr@slashdot.org;Female
965;Evan;Latehouse;elatehouseqs@umich.edu;Male
966;Tony;Lulham;tlulhamqt@archive.org;Male
967;Emmi;Lindner;elindnerqu@unc.edu;Female
968;Steffi;Sarre;ssarreqv@liveinternet.ru;Female
969;Cleon;Moland;cmolandqw@walmart.com;Male
970;Fabiano;Stawell;fstawellqx@usda.gov;Male
971;Pincas;Spaxman;pspaxmanqy@usnews.com;Male
972;Zonda;Rizzelli;zrizzelliqz@plala.or.jp;Female
973;Cary;Sparey;cspareyr0@diigo.com;Male
974;Dore;Boscott;dboscottr1@wikia.com;Male
975;Daveta;Lindholm;dlindholmr2@tinypic.com;Female
976;Smitty;Beamish;sbeamishr3@prweb.com;Male
977;Harvey;Lymbourne;hlymbourner4@skype.com;Male
978;Korey;Buckoke;kbuckoker5@lycos.com;Male
979;Florella;Gouck;fgouckr6@gizmodo.com;Female
980;Abbie;Mack;amackr7@nsw.gov.au;Male
981;Doyle;Bockman;dbockmanr8@state.tx.us;Male
982;Tedra;Precious;tpreciousr9@addthis.com;Female
983;Myrta;Sermin;mserminra@un.org;Female
984;Maddie;Hubbuck;mhubbuckrb@mozilla.org;Male
985;Augustus;Garfath;agarfathrc@a8.net;Male
986;Alis;Gidden;agiddenrd@mac.com;Female
987;Joye;Starton;jstartonre@nydailynews.com;Female
988;Vaclav;Tiptaft;vtiptaftrf@blog.com;Male
989;Byrle;Edlyn;bedlynrg@abc.net.au;Male
990;Sonya;Rait;sraitrh@livejournal.com;Female
991;Letitia;Cecere;lcecereri@exblog.jp;Female
992;Josefa;Medlin;jmedlinrj@geocities.jp;Female
993;Saloma;Taree;stareerk@eventbrite.com;Female
994;Bartie;Christofle;bchristoflerl@eventbrite.com;Male
995;Kevyn;Bendell;kbendellrm@fema.gov;Female
996;Birgitta;Stennett;bstennettrn@smh.com.au;Female
997;Enoch;Pittway;epittwayro@booking.com;Male
998;Dolores;Seiller;dseillerrp@cargocollective.com;Female
999;Agace;Fowkes;afowkesrq@unc.edu;Female
1000;Britney;Batrick;bbatrickrr@who.int;Female
